<?xml version="1.0" encoding="UTF-8" standalone="yes"?>
<addon id="plugin.video.serienstream" name="SerienStream" version="1.0.3" provider-name="rollov">
  <requires>
    <import addon="xbmc.python" version="2.1.0"/>
  </requires>
  <extension point="xbmc.python.pluginsource" library="default.py">
    <provides>video</provides>
  </extension>
  <extension point="xbmc.addon.metadata">
    <summary lang="de">SerienStream.to: Kostenlos Tausende TV-Serien Streams online komplett in bester Qualität anschauen!</summary>
    <description lang="de">Auf SerienStream.to kannst du dir kostenlos hunderte TV-Serien als Stream anschauen.</description>
    <disclaimer lang="de"></disclaimer>
    <language></language>
    <platform>all</platform>
    <license></license>
    <forum></forum>
    <website></website>
    <email></email>
    <source></source>
  </extension>
</addon>
