<?xml version="1.0" encoding="UTF-8" standalone="yes"?>
<addon id="plugin.video.streamcloud" name="StreamCloud" version="1.1.4" provider-name="rollov">
  <requires>
    <import addon="xbmc.python" version="2.1.0"/>
  </requires>
  <extension point="xbmc.python.pluginsource" library="default.py">
    <provides>video</provides>
  </extension>
  <extension point="xbmc.addon.metadata">
    <summary lang="en">StreamCloud.eu | Video Sharing at its best</summary>
    <description lang="en">Stream movies, series and documentations from StreamCloud.eu</description>
    <disclaimer lang="en"></disclaimer>
    <language></language>
    <platform>all</platform>
    <license></license>
    <forum></forum>
    <website></website>
    <email></email>
    <source></source>
  </extension>
</addon>
